source_id	source_title	source_type	source_scope	source_date	source_citation	edition	editors_or_authors	publisher	coverage_limits	extraction_method	packet_ids	extraction_status	notes
arlima_medieval_literature	ARLIMA: Archives de litterature du Moyen Age	bibliographic_database	European medieval authors, works, themes, and manuscripts	ongoing	ARLIMA: https://www.arlima.net/	online	ARLIMA editors	ARLIMA	Bibliographic support, not anthology selection evidence	Use author/work pages for aliases, manuscript witnesses, and bibliographic authority	E009	metadata_ready	High-value authority layer for Old French, Arthurian, Anglo-Norman, and Latin-adjacent records
bedford_world_lit_compact_v1_2009	The Bedford Anthology of World Literature, Compact Edition, Volume 1: The Ancient, Medieval, and Early Modern World	world_literature_anthology	Beginnings to 1650	2009	Davis, Paul; Gary Harrison; David M. Johnson; John F. Crawford. Bedford/St. Martin's, 2009. ISBN 9780312441531	Compact ed., Vol. 1	Paul Davis; Gary Harrison; David M. Johnson; John F. Crawford	Bedford/St. Martin's	Public TOC fragment only; not complete enough for full extraction from web alone	Extract public TOC anchors; match against current path; mark inaccessible remainder unresolved	E006	in_progress	Primary Bedford layer, partial public TOC
bedford_world_lit_compact_v2_2008	The Bedford Anthology of World Literature, Compact Edition, Volume 2: The Modern World	world_literature_anthology	1650 to present	2008	Davis, Paul; Gary Harrison; David M. Johnson; John F. Crawford. Bedford/St. Martin's, 2008. ISBN 9780312441548	Compact ed., Vol. 2	Paul Davis; Gary Harrison; David M. Johnson; John F. Crawford	Bedford/St. Martin's	Public TOC fragment only; not complete enough for full extraction from web alone	Extract public TOC anchors; match against current path; mark inaccessible remainder unresolved	E006	in_progress	Primary Bedford modern layer, partial public TOC
bibliotheca_augustana_germanica	Bibliotheca Augustana: Bibliotheca Germanica	digital_text_collection	German literature chronology including Old High German, Middle High German, and Early New High German	various	Chronology page: https://www.hs-augsburg.de/~harsch/germanica/Chronologie/d_chrono.html	online	Ulrich Harsch	HS Augsburg	Edition provenance uneven; not canon-selection evidence	Use as public text/access and alias layer; verify against specialist metadata	E009	metadata_ready	Middle High German anchor for Nibelungenlied, courtly romance, and Minnesang
bloom_curated_seed_layer	Harold Bloom curated seed layer	legacy_canon_list	Western literature seed layer used as one evidence layer only	2026-05-02 local audit freeze	Local audit narrative reports 200/200 Bloom seed matches; machine-readable seed list not present	local audit artifact	Harold Bloom / project-curated extraction	unknown	Western-weighted; not global; not sufficient as sole support	Recover or reconstruct 200 seed rows, then match against current path	E002	rejected	Blocked: exact seed artifact missing; do not reconstruct from current path annotations
bloom_full_appendix_1994	The Western Canon full appendix	legacy_canon_list	Western canon appendix cleanup layer	1994	Harold Bloom, The Western Canon: The Books and School of the Ages, appendix; edition/publisher not locally captured	unknown	Harold Bloom	unknown	Western-heavy legacy canon list; not global; cannot be sole support for locked inclusion	Local raw appendix extraction plus current-path matching	E003	in_progress	Recoverable from local untracked artifacts; policy-gated before commit/publication/scoring
bloom_full_appendix_review_batches	Local Bloom appendix review batches	packet_audit_output	Local reviewed/staged Bloom decisions	2026-05-02	_planning/canon_literature_audit_2026_05_02.md	local audit output	local canon audit	local	Derived review layer, not an external source	Decision reconciliation after raw/reviewed Bloom tables are recovered	E003	in_progress	Recoverable from local untracked artifacts; internal triage only, not external evidence
brians_modern_south_asian_lit_english_2003	Modern South Asian Literature in English	region_literary_history	Introductory critical guide to major modern South Asian English-language fiction from India, Pakistan, and Sri Lanka	2003	Bloomsbury: https://www.bloomsbury.com/us/modern-south-asian-literature-in-english-9780313320118/	1st ed.	Paul Brians	Greenwood / Bloomsbury	English-language modern fiction only; 15 selected chapters; weak for vernacular, poetry, Bangladesh, and Nepal coverage	Extract chapter and work rows from public TOC; treat as literary-history/context support, not anthology inclusion	E015;X023	extracted	Complete 15-row Gale public chapter TOC ingested; rows are literary-history context, not anthology selection evidence.
broadview_brit_lit_medieval_r3_2023	The Broadview Anthology of British Literature, Vol. 1: The Medieval Period	period_anthology	British medieval literature; Old English, Anglo-Norman, Middle English, religious, and context material	2023	Broadview official page: https://broadviewpress.com/product/the-broadview-anthology-of-british-literature-volume-1-the-medieval-period-revised-third-edition/	Revised 3rd ed.	Joseph Black and coeditors	Broadview Press	Public TOC available; companion-site items need boundary tags	Extract publisher TOC anchors; match whole works versus selections	E009	public_toc_ready	Best public layer for Old English elegies, Beowulf, Pearl, Gawain, Julian, Kempe, and drama
broadview_british_lit_concise_a_b_2019_2024	Broadview Anthology of British Literature, Concise Vols. A-B	english_literature_anthology	Medieval through twenty-first century	2019-2024	Broadview official product pages and contents	Concise A 4th; Concise B 3rd	Joseph Black and coeditors	Broadview Press	Includes companion-website material; some rows are contextual, not primary works	Extract official contents; mark bound-book versus website item; compare with Norton/Longman	E010	ready_public_toc	Modern diversity/context comparator
broadview_medieval_drama_2012	The Broadview Anthology of Medieval Drama	drama_anthology	Medieval drama across Latin, continental, and English traditions	2012	Broadview official page: https://broadviewpress.com/product/the-broadview-anthology-of-medieval-drama/	1st ed.	Christina M. Fitzgerald; John T. Sebastian	Broadview Press	Drama-only; includes documents and context sources	Extract play titles and context documents separately	E009	public_toc_ready	Useful for Hrotsvitha, Quem Quaeritis, York cycle, Everyman, and early drama checks
cambridge_history_chinese_lit_2010	The Cambridge History of Chinese Literature	language_literary_history	Scholarly history of Chinese literature from early periods through modernity	2010	Cambridge Core listing: https://www.cambridge.org/core/books/cambridge-history-of-chinese-literature/6FEBDC1995B8D05749A1F453D7577D21/listing	Vols. 1-2	Kang-i Sun Chang; Stephen Owen	Cambridge University Press	Chapter-level and partly gated; reference/context evidence, not a selection anthology	Extract public chapter metadata and accessible summaries; use for work, period, and boundary context and corroboration	E016;X025	context_only	Cambridge Core chapter lists parsed into 15 chapter-context rows across Vols. 1-2.
chinese_text_project_premodern	Chinese Text Project	digital_text_collection	Open digital library/index of premodern Chinese texts, including Pre-Qin/Han and Post-Han corpora	ongoing	Chinese Text Project: https://ctext.org/	online digital collection	Chinese Text Project	Chinese Text Project	Not a canon list; includes philosophical, historical, technical, and nonliterary texts; variable source provenance	Parse public tables of contents or API where available; use for title authority, aliases, text access, and corpus presence	E016;X024	metadata_ready	Chinese Text Project public Pre-Qin/Han index parsed into 108 title/access metadata rows; rows are not canon-selection evidence.
clay_sanskrit_library_56vol	The Complete Clay Sanskrit Library	translation_series	Classical Sanskrit literature in 56 bilingual volumes, including epic, drama, poetry, narrative, Buddhist, and Jain materials	2005-2009	Clay Sanskrit Library volume list: https://claysanskritlibrary.org/volumes/volumes-list/ ; NYU Press set: https://nyupress.org/9780814717431/the-complete-clay-sanskrit-library/	56-volume set	Clay Sanskrit Library editors	NYU Press / JJC Foundation	Sanskrit only; completed/discontinued; many rows are epic books, selections, or multi-volume parts rather than whole works	Parse official volume list and NYU product metadata; group multi-volume works; flag partial epic and book scope	E015	extracted	Complete 56-volume official Clay Sanskrit Library list ingested as translation-series metadata rows.
columbia_lithum_current_2026	Columbia Literature Humanities current reading list	university_core_reading_list	Current Columbia Lit Hum two-semester required readings	2026	https://www.college.columbia.edu/core-curriculum/classes/literature-humanities	current web page	Columbia College Core Curriculum	Columbia College	Western/core-curriculum weighted; includes instructor-choice slots and reader excerpts	Extract listed Fall/Spring works; classify complete work versus excerpt/reader item; match by title, author, and collection	E007	ready_for_extraction	High-value teaching-canon layer; not global by itself
columbia_lithum_historical_1937_present	Columbia Literature Humanities texts, 1937-present	university_core_historical_reading_list	Literature Humanities works and years studied since 1937	1937-present	https://www.college.columbia.edu/core-curriculum/lit-hum-texts-1937-2020	living historical list	Columbia College Core Curriculum	Columbia College	Many texts historically read in excerpts; instructor-choice list is nonrequired	Extract author/text/year ranges; mark required, historical, instructor-choice, and excerpt status	E007	ready_for_extraction	Useful for long-run Western teaching-canon persistence
columbia_modern_chinese_lit_2e_2007	The Columbia Anthology of Modern Chinese Literature	field_anthology	Modern Chinese literature in translation from China, Taiwan, Hong Kong, and early twenty-first-century extensions	2007	Columbia University Press: https://cup.columbia.edu/book/the-columbia-anthology-of-modern-chinese-literature/9780231138406/ ; Google Books: https://books.google.com/books?id=DRt84_yIsrAC	2nd ed.	Joseph S. M. Lau; Howard Goldblatt	Columbia University Press	Selection anthology; fiction, poetry, and essays dominate; complete-work support must be verified item by item	Use publisher metadata plus public TOC previews; extract author, title, genre, period section, and region where available	E016;X024	extracted	LOC public prepublication TOC parsed into 168 line-level rows; count supersedes the earlier 14-row pilot and older 166-item estimate.
columbia_traditional_chinese_lit_1996	The Columbia Anthology of Traditional Chinese Literature	field_anthology	Traditional Chinese literature across foundations, poetry, prose, fiction, drama, criticism, and popular/peripheral forms	1996	Columbia University Press: https://cup.columbia.edu/book/the-columbia-anthology-of-traditional-chinese-literature/9780231074292/ ; library TOC: https://search.cpl.org/Record/a207337	Translations from the Asian Classics	Victor H. Mair	Columbia University Press	Public publisher page exposes high-level contents; library TOC helps item-level extraction; many items are excerpts/selections	Extract public TOC and library contents; mark complete work, excerpt, selection, genre, and context item	E016;X024;X025	in_progress	Full Columbia TOC remains blocked at CPL by Cloudflare; eCampus page for ISBN 9780231074292 exposes an unrelated autobiography TOC, so it was rejected. Shorter Columbia was added separately as an abridged comparator source.
dante_digital_anchor_layer	Princeton Dante Project and Digital Dante	specialist_digital_project	Dante texts, Commedia, minor works, commentary, translation, and reference metadata	1999-ongoing	PDP: https://dante.princeton.edu/ ; MDR PDP: https://mdr-maa.org/resource/princeton-dante-project/ ; Digital Dante MDR: https://mdr-maa.org/resource/digital-dante/	online	Robert Hollander; Teodolinda Barolini and collaborators	Princeton/Columbia	Dante-specific; not broader Trecento evidence	Use for Dante work identity, minor-work coverage, commentary, and text access	E009	metadata_ready	Supports Divine Comedy and Vita Nuova; does not settle Petrarch/Boccaccio coverage
dumbarton_oaks_medieval_library	Dumbarton Oaks Medieval Library	edited_text_series	Medieval Latin, Byzantine Greek, Old English, and medieval Iberian bilingual editions	2010-ongoing	Series: https://domedieval.org/ ; 2024 catalog: https://domedieval.org/wp-content/uploads/2024/09/DOML-2024-catalog.pdf	series	Dumbarton Oaks Medieval Library language editors	Harvard University Press	Series catalog; not a canon list; copyrighted translations	Extract volume metadata, language, work identity, and edition scope	E009	metadata_ready	Strong Latin, Old English, and Iberian authority layer
e001_local_accepted_canon_records	Accepted _canon records, Wave 005 baseline	accepted_site_record	Local accepted site records in _canon/*.md	2026-05-03	Local repository snapshot at commit 64600ddb264839d57a173438490f36eeed4c31b3; _canon/*.md	Wave 005 baseline	Codex/local accepted records	benjaminkramer50.github.io	Internal accepted records only; not an external canon source; embedded evidence remains separate source debt	Parse front matter where canon_review.status starts with accepted and match canon_id to incumbent path IDs	E001	extracted	61 accepted records matched to incumbent path
e008_cambridge_greek_latin_classics	Cambridge Greek and Latin Classics	commentary_text_series	Commented Greek/Latin texts for advanced students and scholars	current Cambridge Core series	https://www.cambridge.org/core/series/cambridge-greek-and-latin-classics/9900A4E001E0221C90A6CAD4E6F45A1B	series	Series editors	Cambridge University Press	Selective pedagogical/commentary series, not comprehensive	Extract series titles, authors, publication dates, descriptions; match by work/book/selection	E008	ready_public_metadata	Useful for syllabus-level centrality and book-level selection evidence
e008_loeb_classical_library_digital	Loeb Classical Library	digital_primary_text_series	Greek and Latin literature, ca. 700 BCE-700 CE	current online database	Harvard University Press / Loeb Classical Library; Rutgers database description	digital	Loeb editors	Harvard University Press	Subscription text; public metadata uneven; Loeb presence is not automatic canon status	Use public catalog/Perseus Loeb-series metadata; do not scrape texts; classify complete works, fragments, and selections	E008	ready_with_access_limits	High-value source layer for canonical Greek/Latin coverage
e008_oxford_classical_dictionary_online	Oxford Classical Dictionary	reference_encyclopedia	Classical world reference entries, including literature, history, philosophy, religion, and reception	2015-, updated online	https://academic.oup.com/edited-volume/61673?pageSize=20&sort=titlesort&subSite=classics&t=ORE_CLA%3AREFCLA004	online living edition	Lucy Grig and contributors	Oxford University Press	Many entries gated; validates author/work importance and boundaries, not path inclusion alone	Search author/work entries and subject facets; record entry presence, subject, access status, and boundary notes	E008	ready_partial_public	Useful for boundary adjudication and author/work authority
e008_oxford_scholarly_editions_oct	Oxford Classical Texts via Oxford Scholarly Editions Online	critical_edition_series	Greek and Latin critical editions/translations including Oxford Classical Texts	current online product	OUP Classical Studies / Oxford Scholarly Editions Online	online	OUP editors	Oxford University Press	Subscription; direct title list may be incomplete publicly	Use OUP public series/product metadata plus Perseus series facet for OCT records; classify as critical-edition evidence	E008	partial_public_metadata	Strong edition-history layer, weaker for popular canon
e008_perseus_catalog_greek_latin_works	Perseus Catalog	metadata_catalog	Greek and Latin authors/works, editions, translations, series metadata	online catalog	https://catalog.perseus.org/catalog	1.0	Perseus Digital Library	Perseus Digital Library / Tufts	Work metadata, not canon ranking; includes fragmentary and non-literary material	Extract title, author, language, series, and subject facets; match to path by title, creator, aliases, and original language	E008	ready_public_metadata	Best open machine-readable crosswalk layer for Greek/Latin metadata
e008_phi_classical_latin_texts	Packard Humanities Institute Classical Latin Texts	latin_text_corpus	Latin literary texts before AD 200 plus selected later antiquity	online from PHI CD-ROM 5.3	https://latin.packhum.org/about	online	Packard Humanities Institute	Packard Humanities Institute	Latin only; mostly pre-200 CE; text license permits personal study, not bulk copying	Extract author/work metadata only: author number, work title, work number, reference edition, URL	E008	ready_public_metadata	Best open Latin corpus layer for detecting absent Latin authors/works
e012_loa_african_american_poetry_2020	African American Poetry: 250 Years of Struggle & Song	poetry_anthology	African American poetry, 1770-2020	2020	Library of America No. 333, edited by Kevin Young	LOA anthology	Kevin Young	Library of America	Poem-level evidence; not full-book evidence for every poet	Extract poet and poem rows; support poet/selection basis and poetry coverage	E012	in_progress	Pilot rows ingested; full poem-level extraction and selection policy still pending
e012_loa_slave_narratives	Slave Narratives	authoritative_collection	Slave narrative tradition, 1772-1864	LOA edition	Library of America No. 114, edited by William L. Andrews and Henry Louis Gates Jr.	LOA series edition	William L. Andrews; Henry Louis Gates Jr.	Library of America	Contains ten works; not all are equal path candidates	Extract work-level rows; match complete narratives and flag represented-by-collection	E012	in_progress	Pilot rows ingested; complete contained-work extraction still pending
e012_locke_new_negro_1925	The New Negro: An Interpretation	primary_anthology	Harlem Renaissance fiction, poetry, essays, art, music, and criticism	1925	Alain Locke, ed., A. and C. Boni, 1925	original edition	Alain Locke	A. and C. Boni	Public domain TOC/full text available; anthology source distinct from contained works	Extract one row per named contribution; distinguish anthology as source from contained works	E012	not_started	Primary Harlem Renaissance source
e012_norton_african_american_lit_4e_v1_2025	The Norton Anthology of African American Literature, Volume 1	field_anthology	Beginnings through Harlem Renaissance	2025	Henry Louis Gates Jr. et al., The Norton Anthology of African American Literature, 4th ed., W. W. Norton, 2025	4th ed.	Henry Louis Gates Jr.; Valerie Smith; William L. Andrews; Frances Smith Foster; others	W. W. Norton	Public TOC is available; copyrighted anthology text not extractable	Extract public TOC selection rows; classify complete work, excerpt, poem, song, oral item, or sermon	E012	in_progress	Pilot rows ingested; full TOC extraction and item-scope coding pending
e012_norton_african_american_lit_4e_v2_2025	The Norton Anthology of African American Literature, Volume 2	field_anthology	Realism, Naturalism, Modernism to the Present	2025	Henry Louis Gates Jr. et al., The Norton Anthology of African American Literature, 4th ed., W. W. Norton, 2025	4th ed.	Henry Louis Gates Jr.; Valerie Smith; Jesse McCarthy; Farah Jasmine Griffin; others	W. W. Norton	Public TOC is available; many entries are excerpts/selections	Extract public TOC; separate author representation from work representation	E012	in_progress	Pilot rows ingested; full TOC extraction and item-scope coding pending
e013_cambridge_history_latin_american_lit_1996	The Cambridge History of Latin American Literature	region_literary_history	Latin American literature including Brazilian literature, pre-Columbian traditions, colonial literature, and twentieth-century literature	1996; online 2008	Cambridge Core series page: https://www.cambridge.org/core/series/cambridge-history-of-latin-american-literature/F1BAF6C15BEBF9D61A58A0CE54C4338B	3 vols.	Roberto Gonzalez Echevarria; Enrique Pupo-Walker	Cambridge University Press	Reference/history layer, not anthology inclusion evidence; chapter text partly gated	Extract public chapter TOC and bibliography structure; use named works as context and authority, not direct canon votes	E013;X024	context_only	Cambridge Core chapter lists parsed into 52 chapter-context rows across Vols. 1-3.
e013_fsg_20c_latin_american_poetry_2011	The FSG Book of Twentieth-Century Latin American Poetry	poetry_anthology	Twentieth-century Latin American poetry in Spanish, Portuguese, Ladino, Spanglish, and Indigenous languages	2011/2012	Macmillan: https://academic.macmillan.com/academictrade/9780374533182/thefsgbookoftwentiethcenturylatinamericanpoetry/ ; Boulder library TOC: https://boulder.marmot.org/GroupedWork/07e23042-8c1d-b5bd-5f7c-81eebfe68805/Home	1st ed.; trade paperback	Ilan Stavans	Farrar, Straus and Giroux	Twentieth-century poetry only; overlaps Oxford poetry; edition page counts differ by format	Extract author and poem rows from library TOC; preserve bilingual titles and translator or edition notes where exposed	E013	extracted	Complete 84 creator-group public MARC 505 contents rows ingested from Boulder public record; poem groups remain selection-level evidence.
e013_oxford_latin_american_poetry_2009	The Oxford Book of Latin American Poetry: A Bilingual Anthology	poetry_anthology	Latin American poetry across more than 500 years, multilingual, original texts plus English translations	2009	Google Books: https://books.google.com/books/about/The_Oxford_Book_of_Latin_American_Poetry.html?id=UJ-Qj-Sx4RoC ; Calicut library TOC: https://find.uoc.ac.in/Record/308884/TOC	illustrated ed.	Cecilia Vicuna; Ernesto Livon-Grosman	Oxford University Press	Poetry-only; many excerpts, oral/codex items, and translation-title variants	Extract poem and selection rows from public TOC; flag excerpts, anonymous/traditional items, original language, and collection/cycle cases	E013	extracted	Public UOC TOC ingested as 137 line-item rows; rows with broken creator/title delimiters are retained raw and require later cleanup.
e013_oxford_latin_american_short_stories_1997	The Oxford Book of Latin American Short Stories	field_anthology	Latin American short fiction from colonial period to contemporary period	1997	CCA library TOC: https://library.cca.edu/cgi-bin/koha/opac-ISBDdetail.pl?biblionumber=32656 ; Google Books: https://books.google.com/books/about/The_Oxford_Book_of_Latin_American_Short.html?id=MHDRCwAAQBAJ	1st ed.	Roberto Gonzalez Echevarria	Oxford University Press	Short-story only; translated selections; not full-work evidence for authors	Extract public TOC story rows with author and translator where available; classify complete story versus excerpt	E013	extracted	Complete 53-story public TOC ingested; expanded X013/X014/X017 routing complete for eligible rows.
e014_african_writers_series_heinemann_penguin	African Writers Series	authoritative_edition_series	Modern African literary edition series: fiction, poetry, drama, essays, and biography	1962-current; 2023 title list	Pearson PDF: https://www.pearson.com/content/dam/one-dot-com/one-dot-com/international-schools/pdfs/rights-and-licensing/African-Writers-Series-2023-Oct.pdf ; Penguin Random House series: https://www.penguinrandomhouse.com/series/PAF/penguin-african-writers-series/	series	Heinemann/Pearson editors; Penguin Classics relaunch	Pearson / Penguin Random House	Edition/reception evidence, not anthology vote; English/translation and publishing-history skew; includes nonliterary prose	Parse Pearson title-list PDF and Penguin Random House title pages; classify genre, author, original language where known, and exact work identity	E014;X023	metadata_ready	Pearson 2023 rights PDF parsed into 47 title rows and PRH series page added one non-duplicate relaunch row; edition-series metadata only.
e014_cambridge_history_african_caribbean_lit_2000	The Cambridge History of African and Caribbean Literature	region_literary_history	African and Caribbean literary history, oral traditions through postcolonial literatures	2000; online 2008	Cambridge Vol. 1: https://www.cambridge.org/core/books/the-cambridge-history-of-african-and-caribbean-literature/1B9F2963235BC68CB3CA5EA6D534AC60 ; Vol. 2: https://www.cambridge.org/core/books/cambridge-history-of-african-and-caribbean-literature/383D7F023CD01BFB6AF3F29A7CDD7EB7	2 vols.	F. Abiola Irele; Simon Gikandi	Cambridge University Press	Includes Caribbean; chapter-level reference source, not direct anthology evidence; text partly gated	Extract chapter TOC and African chapter metadata; use for regional, language, and boundary checks	E014;X024	context_only	Cambridge Core chapter lists parsed into 40 chapter-context rows across Vols. 1-2.
e014_penguin_modern_african_poetry_4e_2007	The Penguin Book of Modern African Poetry	poetry_anthology	Modern African poetry; 99 poets from 27 countries	2007	Penguin Random House: https://www.penguinrandomhouse.com/books/301584/the-penguin-book-of-modern-african-poetry-by-edited-by-gerald-moore-introduction-by-gerald-moore-and-ulli-beier/	4th ed.	Gerald Moore; Ulli Beier	Penguin Classics	Official page gives strong metadata but not complete public TOC; poetry-only	Extract publisher metadata now; seek library or physical TOC before claiming exhaustive poem-level rows	E014;X023	extracted	Structured eCampus public TOC parsed into 239 poem rows under 99 poet headings; PRH official page confirms 99 poets/27 countries but not full TOC.
e014_rienner_anthology_african_lit_2007	The Rienner Anthology of African Literature	field_anthology	African oral and written literature from ancient cultures to the present, continent-wide	2007	Lynne Rienner official page and contents: https://www.rienner.com/title/The_Rienner_Anthology_of_African_Literature	paperback; 977 pages	Anthonia C. Kalu	Lynne Rienner Publishers	Many rows are excerpts, chapters, acts, oral-tradition selections, or translated pieces	Extract official contents by part, region, and period; classify complete piece, excerpt, oral item, drama act, and novel chapter	E014	extracted	Complete 146 explicit official contents rows ingested from Lynne Rienner public page; excerpt/chapter/act scope coded conservatively.
e017_columbia_early_modern_japanese_lit_2002	Early Modern Japanese Literature: An Anthology, 1600-1900	field_anthology	Edo/Tokugawa through early Meiji; fiction, poetry, drama, essays, treatises, criticism, and popular genres	2002	Columbia University Press: https://cup.columbia.edu/book/early-modern-japanese-literature/9780231109901/ ; Google Books: https://books.google.com/books/about/Early_Modern_Japanese_Literature.html?id=jAf9aqjnnGMC	Translations from the Asian Classics; hardcover 2002/paperback 2004	Haruo Shirane	Columbia University Press	Public TOC is mostly chapter/genre-level; many contained works are excerpts/selections	Extract chapter TOC and public partial contents; match Saikaku, Basho, Chikamatsu, Bakin, kabuki, yomihon, and haikai rows separately	E017;X023;X024	extracted	Dandelon public TOC PDF parsed into 282 line-level rows after excluding chapter 1 editorial historical context.
e017_columbia_modern_japanese_lit_v1_2005	The Columbia Anthology of Modern Japanese Literature, Volume 1: From Restoration to Occupation, 1868-1945	field_anthology	Meiji through wartime modern Japanese literature; fiction, poetry, drama, essays	2005	Columbia University Press: https://cup.columbia.edu/book/the-columbia-anthology-of-modern-japanese-literature/9780231118606/	Modern Asian Literature Series; hardcover 2005/paperback 2007	J. Thomas Rimer; Van C. Gessel	Columbia University Press	Covers anthology selections, not necessarily complete works; romanization normalization needed	Extract official line-item contents; classify work, selection, or excerpt and match author-title pairs	E017	extracted	Complete 119 explicit titled public TOC rows ingested; structural headings/form-only labels omitted.
e017_columbia_modern_japanese_lit_v2_2007	The Columbia Anthology of Modern Japanese Literature, Volume 2: 1945 to the Present	field_anthology	Postwar to early twenty-first-century Japanese literature; fiction, poetry, drama, essays	2007	Columbia University Press: https://cup.columbia.edu/book/the-columbia-anthology-of-modern-japanese-literature/9780231138048/ ; Google Books: https://books.google.com/books/about/The_Columbia_Anthology_of_Modern_Japanes.html?id=BAg9tUJR1aEC	Modern Asian Literature Series; hardcover	J. Thomas Rimer	Columbia University Press	Official page is metadata-rich but not full line-item TOC; Google Books TOC is partial; copyrighted text unavailable	Extract official named examples plus Google Books TOC; flag missing denominator pending physical or ebook TOC	E017	extracted	Complete 96 explicit title+creator rows ingested from Kriso public product TOC for Volume 2.
e017_columbia_traditional_japanese_lit_2007	Traditional Japanese Literature: An Anthology, Beginnings to 1600	field_anthology	Japanese literature from earliest writing through Muromachi; poetry, prose, drama, setsuwa, criticism	2007	Columbia University Press: https://cup.columbia.edu/book/traditional-japanese-literature/9780231136969/ ; Google Books: https://books.google.com/books/about/Traditional_Japanese_Literature.html?id=KmWCAAAAIAAJ	Translations from the Asian Classics; hardcover 2007/paperback 2008	Haruo Shirane	Columbia University Press	English-translation anthology; official page has period-level TOC, Google Books has partial item TOC; selections/excerpts need item-scope coding	Extract official period and genre headings plus Google Books partial items; mark complete, excerpt, or selection	E017;X023;X024	extracted	LOC public prepublication TOC parsed into 409 line-level rows; generic subheadings are retained as source rows but only explicit matches count downstream.
e018_columbia_modern_korean_fiction_2005	Modern Korean Fiction: An Anthology	field_anthology	Twentieth-century Korean fiction across colonial, division, North/South, women writers, and postwar modern fiction	2005	Columbia University Press: https://cup.columbia.edu/book/modern-korean-fiction/9780231135139/	Modern Asian Literature Series	Bruce Fulton; Youngmin Kwon	Columbia University Press	Short-fiction anthology; weak for novels and post-2005 contemporary works	Extract official 22-item TOC; match story-level items and author-title variants	E018	extracted	Complete 22-item public story TOC ingested; evidence generation waits on match/relation review.
e018_columbia_premodern_korean_prose_2018	Premodern Korean Literary Prose: An Anthology	field_anthology	Korean prose from tenth to nineteenth century; Silla, Koryo, and Choson prose, short fiction, long fiction, unofficial histories, diaries, oral narratives, and novellas	2018	Columbia University Press: https://cup.columbia.edu/book/premodern-korean-literary-prose/9780231165808/	Translations from the Asian Classics	Michael J. Pettid; Gregory N. Evon; Chan Park	Columbia University Press	Anthology selections; not comprehensive for pansori cycle works; item scope varies by excerpt or complete text	Extract official line-item TOC; match original titles, translated titles, translators, and excerpt status	E018	extracted	Public CUP contents ingested as 43 source-item rows; chapter-versus-nested-item granularity still reviewable.
e018_columbia_traditional_korean_poetry_2003	The Columbia Anthology of Traditional Korean Poetry	field_anthology	Traditional Korean poetry: hyangga, Koryo songs, Songs of Flying Dragons, sijo, kasa, Chinese-language poetry, folk and shamanist songs	2003	Columbia University Press: https://cup.columbia.edu/book/the-columbia-anthology-of-traditional-korean-poetry/9780231111133/	Translations from the Asian Classics	Peter H. Lee	Columbia University Press	Poetry-only; official contents are genre-level, not poem-level; no prose/pansori fiction coverage	Extract genre, author, and index anchors; match named poem cycles and poet selections conservatively	E018	metadata_ready	Nine public section/chapter metadata rows ingested; official contents are genre-level except Songs of Flying Dragons.
e018_lti_korea_digital_library_classics	LTI Korea Digital Library of Korean Literature / LTIKOREA Classic Sourcebook	digital_text_collection	Korean literature in translation; public catalog, writer metadata, e-books, and 26 representative classical works including Chunhyangjeon	2007-ongoing; API registered 2022-11-25, edited 2026-01-07	LTI Korea library: https://library.ltikorea.or.kr/about/aboutLibrary?tab=operation ; OpenAPI: https://www.data.go.kr/en/data/15108417/openapi.do ; Classic Sourcebook example: https://library.ltikorea.or.kr/translatedbooks/22459	online	Literature Translation Institute of Korea	LTI Korea	Not a canon-selection source by itself; metadata/access layer; catalog coverage follows translated availability	Use public catalog/API records for original title, romanization, author, translation, language, and access metadata; do not score as anthology inclusion	E018	metadata_ready	Complete 26-row Classic Sourcebook OpenAPI metadata list ingested; metadata/access rows do not count as canon-selection evidence.
heath_american_lit_7e_2014	The Heath Anthology of American Literature, Seventh Edition	american_literature_anthology	Five-volume US literature anthology, beginnings to contemporary period	2014	UTA/Cengage/eCampus public metadata for 7th ed. volumes	7th ed.	Paul Lauter and coeditors	Wadsworth/Cengage	Public metadata available by volume; full TOC access varies	Extract volume TOCs where public/authorized; emphasize inclusive-canon and underrepresented-author evidence	E011	in_progress	Counterweight to Norton with broader/inclusive canon coverage
icelandic_saga_database	Icelandic Saga Database	digital_text_collection	Sagas of Icelanders, Icelandic plus public-domain translations	ongoing	Project/index: https://sagadb.org/ ; A-Z: https://sagadb.org/index_az	online	Sveinbjorn Thordarson	Icelandic Saga Database	Family sagas only; excludes Eddas, kings' sagas, and legendary sagas	Extract saga titles, language availability, and translation status	E009	public_index_ready	Anchor for Njals, Egils, Gisli, Laxdaela, Grettir; avoid importing all sagas as gaps
lancelot_grail_lacy_5vol	Lancelot-Grail: The Old French Vulgate and Post-Vulgate Cycles in Translation	arthurian_cycle_translation	Old French Arthurian Vulgate and Post-Vulgate cycle	2010/2013	Routledge page: https://www.routledge.com/Lancelot-Grail-5-Volumes-Routledge-Revivals-The-Old-French-Vulgate--Post-Vulgate-Cycles-in-Translation/Lacy/p/book/9780415877275	5 vols.	Norris J. Lacy	Routledge	Copyrighted translation; public metadata and TOC only	Extract cycle and section structure, not translation text	E009	metadata_ready	Anchor for Grail, Lancelot, Quest, and Death of Arthur relation mapping
library_of_america_catalog	Library of America catalog and writer pages	authoritative_edition_series	American literary authors, collected works, thematic anthologies, canonical editions	current_catalog	https://www.loa.org/	ongoing	Library of America editors	Library of America	Not an anthology ranking; catalog presence is edition/reception evidence, not sole inclusion proof	Extract one row per LOA volume and contained major work; match collected editions to path-level works	E011	in_progress	Use for edition/reception support and author/work authority
longman_brit_lit_middle_ages_1a_4e	The Longman Anthology of British Literature: The Middle Ages, Vol. 1A	period_anthology	British Isles medieval literature; Old English, Irish/Welsh, Anglo-Norman, and Middle English	2010	Pearson product/TOC: https://www.pearson.com/en-us/subject-catalog/p/longman-anthology-of-british-literature-the-the-middle-ages-volume-1a/P200000002130/9780205655304	4th ed.	David Damrosch; Kevin Dettmar; Christopher Baswell; Anne Howland Schotter	Pearson	British-focused; many excerpt and context items	Extract public TOC titles only; mark complete, excerpt, selection, and context rows	E009	public_toc_ready	Strong Old English and Middle English anchor layer
longman_british_lit_period_volumes_2009_2017	The Longman Anthology of British Literature	english_literature_anthology	British Isles, medieval through contemporary; period volumes	2009-2017	Pearson public product/TOC pages	4th/5th ed. period volumes	David Damrosch; Kevin Dettmar and coeditors	Pearson/Longman	Edition mix across period volumes; strong public TOCs but not one uniform edition	Extract Pearson TOC rows by volume; preserve edition/date per volume; match as evidence only	E010	ready_public_toc	Useful for British Isles breadth, women writers, and regional/context clusters
longman_world_lit_2e_2009	The Longman Anthology of World Literature	world_literature_anthology	Six-volume world literature anthology, ancient world through twentieth century	2009	Pearson/Longman second edition; WorldCat OCLC 224444059	2nd ed.	David Damrosch; David L. Pike; April Alliston; Marshall Brown; Sabry Hafez; Djelal Kadir; Sheldon Pollock; Bruce Robbins; Haruo Shirane; Jane Tylus; Pauline Yu	Pearson/Longman	Official Pearson public TOCs for Vols. A/D/E/F; publisher-provided eCampus TOC tables for Vols. B/C because Pearson live public C/B TOCs were not consistently accessible; many entries are excerpts, poem selections, or context rows	Extract Pearson tableOfContents JSON plus eCampus publisher-provided TOC table rows; preserve provenance per source item; match only unique exact title/alias rows	E005;X027	extracted	X027 Longman World Literature 2e mixed public TOC extraction; not decisive without scope review
mgh_medieval_latin_sources	Monumenta Germaniae Historica / dMGH	critical_source_series	Medieval Latin historical, legal, and ecclesiastical sources c. 500-1500	1826-ongoing	MGH project: https://mgh.bbaw.de/en/en-1 ; overview: https://www.kb.nl/en/bron/monumenta-germaniae-historica-digital	series	MGH editors	MGH / historical academies	Mostly history/documentary Latin; literary boundary risk	Use as source/provenance layer, not automatic literature inclusion	E009	metadata_ready	Medieval Latin context layer for chronicles, hagiography, letters, and institutional texts
minnereden_lovesongs_digital	Minnereden and Love Songs - digital	specialist_digital_corpus	Late medieval German Minnereden and love songs, c. 1280-1530	2025-2027	Heidelberg project page: https://www.uni-heidelberg.de/en/minnereden-and-love-songs-digital	online	Ludger Lieb and project collaborators	Heidelberg/Bonn	Focused on late lyric/love discourse, not epic romance	Use for metadata on lyric and Minnerede corpora	E009	metadata_ready	Checks Walther and late Middle High German lyric over- and under-representation
murty_classical_library_india	Murty Classical Library of India	translation_series	Classical Indian literature across multiple Indic languages, with English translations facing original scripts	2015-ongoing	Books: https://www.murtylibrary.com/books ; mission: https://www.murtylibrary.com/about/our-mission ; Harvard South Asia Institute: https://mittalsouthasiainstitute.harvard.edu/2022/03/murty-classical-library/	ongoing bilingual series	Murty Classical Library of India editorial board	Harvard University Press	Selective and ongoing; premodern/classical emphasis; edition/translation support, not standalone canon-vote evidence	Parse books, language, and product pages; one row per volume and contained primary text; classify complete work versus selection or volume	E015	metadata_ready	Visible Murty Books page ingested as 19 public metadata rows; ongoing series requires periodic refresh.
norton_american_lit_10e_post1865	The Norton Anthology of American Literature, Tenth Edition, Package 2: Volumes C, D, and E	american_literature_anthology	1865 to present	2022	W. W. Norton official catalogue/product metadata; public library TOCs for Vols. C/E; JHU metadata for Vol. D	10th ed.	Robert S. Levine; Michael A. Elliott; Lisa Siraganian; Amy Hungerford; GerShun Avilez	W. W. Norton	Public TOCs uneven; contemporary inclusions should be evidence, not automatic canon locks	Extract visible TOC rows; encode complete_work/excerpt/selection/context; match to current path and candidate universe	E011	in_progress	Strong evidence layer for canonical and classroom-current US literature
norton_american_lit_10e_pre1865	The Norton Anthology of American Literature, Tenth Edition, Package 1: Volumes A and B	american_literature_anthology	Beginnings to 1865	2022	W. W. Norton official catalogue/product metadata; public library TOCs for Vol. A	10th ed.	Robert S. Levine; Sandra M. Gustafson	W. W. Norton	Public TOCs uneven; many source items are selections, clusters, or excerpts	Extract public TOC metadata and authorized/physical-copy title-page/TOC only; match by title, creator, alias, contained-work, and section	E011	in_progress	Primary teaching-anthology source for early US/colonial/antebellum literature
norton_english_lit_11e_full_2024	The Norton Anthology of English Literature	english_literature_anthology	Middle Ages to twenty-first century; volumes A-F	2024	W. W. Norton official 11e pages and TOC PDFs	11th ed.	Stephen Greenblatt and coeditors	W. W. Norton	Public TOC PDFs expose strong line-item metadata; anthology selections often excerpts	Parse official volume TOC PDFs A-F; classify complete work, excerpt, poem selection, and contextual cluster	E010	ready_public_toc	Primary English/British teaching-canon layer
norton_world_lit_5e_full_post1650	The Norton Anthology of World Literature, 5th ed., Full Edition, 1650 to Present	world_literature_anthology	1650 to present; volumes D-F	2024	Norton official anthology pages; pricing/package pages confirm post-1650 volumes	5th ed., Vols. D-F	Martin Puchner and coeditors	W. W. Norton	Official TOC PDFs extracted; rows include works, selections, excerpts, author/context headings, and page-indexed components; scope must be reviewed before scoring.	Extract verified public catalog/ebook/physical-copy TOC line items; match by title, creator, alias, and contained work	E004;X026	extracted	Official Norton World Literature 5e Vols. D-F TOC PDFs parsed into 533 page-indexed rows.
norton_world_lit_5e_full_pre1650	The Norton Anthology of World Literature, 5th ed., Full Edition, Beginnings to 1650	world_literature_anthology	Ancient to 1650; volumes A-C	2024	Norton official anthology pages; package/TOC pages confirm edition and volume structure	5th ed., Vols. A-C	Martin Puchner and coeditors	W. W. Norton	Official TOC PDFs extracted; rows include works, selections, excerpts, author/context headings, and page-indexed components; scope must be reviewed before scoring.	Extract verified public catalog/ebook/physical-copy TOC line items; match by title, creator, alias, and contained work	E004;X026	extracted	Official Norton World Literature 5e Vols. A-C TOC PDFs parsed into 1053 page-indexed rows.
osta_2_old_spanish_textual_archive	Old Spanish Textual Archive 2.0	linguistic_corpus	Old Spanish corpus from semi-paleographic medieval transcriptions	2026 resource notice	Instituto Cervantes notice: https://hispanismo.cervantes.es/recursos/old-spanish-textual-archive-osta-version-20	v2.0	Hispanic Seminary of Medieval Studies collaborators	Hispanic Seminary of Medieval Studies	Linguistic corpus; not literary canon evidence	Use only for access/provenance and text availability after metadata verification	E009	metadata_ready	Useful for Cid, Libro de buen amor, and Conde Lucanor records
oxford_modern_indian_poetry_1998	The Oxford Anthology of Modern Indian Poetry	poetry_anthology	Twentieth-century Indian poetry: 125 poets in English and English translation from 14 Indian languages	1998	Oxford India page: https://india.oup.com/product/the-oxford-anthology-of-modern-indian-poetry-9780195639179/ ; National Library of Australia: https://catalogue.nla.gov.au/catalog/1539648	Oxford India Paperbacks	Vinay Dharwadker; A. K. Ramanujan	Oxford University Press	India-focused and poetry-only; poem-level evidence, not full-book evidence	Use OUP metadata plus library TOC; extract poet, poem, section, and language/translation where available	E015;X024;X025	in_progress	OUP India official metadata confirms 125 poets, 14 Indian languages, and eight thematic sections; NLA catalog access is Anubis-blocked and no official poem-level TOC was exposed, so 124 Book Excerptise rows remain unreconciled.
oxford_worlds_classics_online	Oxford World's Classics online/title-list layer	publisher_reference_series	Oxford World's Classics catalogue/reference series, broad classic literature coverage	current	https://academic.oup.com/products-for-institutions/pages/purchase-oxford-worlds-classics; https://www.oupjapan.co.jp/en/academic/owc/index.shtml	current online catalogue/title list	Oxford University Press editors	Oxford University Press	Publisher list; skewed to available classic editions; includes nonliterary philosophy/history/religion	Download or parse official title list where accessible; classify literary work, boundary item, edition, or false positive	E007	in_progress	Useful for edition/translation and alias checks; not a canon list
philobiblon_iberian_romance	PhiloBiblon	ibero_romance_bibliographic_database	Medieval and early Renaissance Iberian Romance texts and witnesses	legacy frozen 2025	PhiloBiblon: https://philobiblon.upf.edu/html/	online	BETA/BITAGAP/BITECA teams	UC Berkeley/UPF	Bibliographic database, not anthology; legacy/viewer split	Use BETA, BITAGAP, and BITECA records for title, witness, language, and authority	E009	metadata_ready	Primary Iberian crosswalk layer
princeton_damrosch_world_literature_2003	What Is World Literature?	world_literature_reference_method	Princeton University Press world-literature theory/reference layer	2003	https://books.google.com/books/about/What_is_World_Literature.html?id=yY-17mtp9R8C	2003	David Damrosch	Princeton University Press	Not a reading list; case-study/reference value only	Extract only case-study anchors and methodological warnings about circulation/translation	E007	context_only	Use to prevent treating world literature as a simple fixed list
princeton_humanistic_studies_catalog	Princeton Humanistic Studies course catalog/reference	university_course_catalog	Humanities sequence scope and course descriptions	2025-2026	https://ua.princeton.edu/fields-study/minors/humanistic-studies	current catalog	Princeton University	Princeton University	Course descriptions, not line-item reading lists	Use for scope metadata and packet limits only	E007	context_only	Supports scope, not individual work evidence
princeton_humanities_sequences_2024	Princeton Humanities Sequences brochure	university_sequence_selected_readings	Selected readings for Western, East Asian, and Near Eastern Humanities sequences	2024	https://humstudies.princeton.edu/wp-content/uploads/sites/3/2024/07/HumanitiesSequence2024.pdf	2024 brochure	Princeton Program in Humanistic Studies	Princeton University	Selected readings only, not complete syllabi; includes visual/media items	Extract selected reading anchors by sequence; mark text, anthology, film/music, or reference	E007	ready_for_extraction	Comparative layer including East Asian and Near Eastern tracks
shorter_columbia_traditional_chinese_lit_2000	The Shorter Columbia Anthology of Traditional Chinese Literature	field_anthology	Abridged traditional Chinese literature anthology from beginnings to 1919	2000	eCampus/Cincinnati State public product and TOC: https://cincinnatistate.ecampus.com/shorter-columbia-anthology-traditional/bk/9780231119986	abridged Shorter Columbia edition	Victor H. Mair	Columbia University Press	Abridged version of the full Columbia anthology; not a substitute for the full 1996 denominator	Parse public eCampus TOC; classify all rows as anthology selections or excerpts	E016;X025	extracted	Accessible abridged comparator source parsed into 262 public TOC rows after the full Columbia CPL record remained access-blocked.
wimmer_medieval_german_anthology	Anthology of Medieval German Literature	teaching_anthology	Middle High German anthology with parallel and translation apparatus	1991	Google Books metadata: https://books.google.com/books/about/Anthology_of_medieval_German_literature.html?id=--QfAQAAIAAJ	2nd illustrated ed.	Albert K. Wimmer; W. T. H. Jackson	Vande Vere	Public metadata only; line-item TOC not fully extractable	Registry only unless physical or verified TOC access is available	E009	metadata_only	Middle High German anthology layer; useful but blocked for exhaustive items
x043_britannica_abolitionist_texts_reference	Britannica: 8 Influential Abolitionist Texts	reference_encyclopedia	Britannica list entry with work-specific William Wells Brown narrative discussion	accessed 2026-05-03	Encyclopaedia Britannica, 8 Influential Abolitionist Texts	""	Britannica Editors	Encyclopaedia Britannica	Reference/list support only; not anthology evidence.	X043 targeted public reference extraction	X043	extracted	Used to corroborate Narrative of William W. Brown as an influential abolitionist text.
x043_britannica_catalan_literature_reference	Britannica: Catalan literature	language_literary_history	Catalan literature overview with Curial e Guelfa mention	accessed 2026-05-03	Encyclopaedia Britannica, Catalan literature	""	Britannica Editors	Encyclopaedia Britannica	Language-literary-history support; overview, not anthology evidence.	X043 targeted public reference extraction	X043	extracted	Used to corroborate Curial e Guelfa in Catalan literary history.
x043_britannica_nat_turner_confessions_reference	Britannica: The Confessions of Nat Turner	reference_encyclopedia	Work-specific Britannica reference entry	accessed 2026-05-03	Encyclopaedia Britannica, The Confessions of Nat Turner	""	Britannica Editors	Encyclopaedia Britannica	Reference support with Turner/Gray attribution context.	X043 targeted public reference extraction	X043	extracted	Used to corroborate The Confessions of Nat Turner as a work-level candidate.
x043_enciclopedia_cat_curial_reference	Enciclopedia.cat: Curial e Guelfa	reference_encyclopedia	Work-specific Catalan encyclopedia entry	accessed 2026-05-03	Gran Enciclopedia Catalana, Curial e Guelfa	""	Enciclopedia.cat	Enciclopedia.cat	Reference support; Catalan-language source.	X043 targeted public reference extraction	X043	extracted	Used to corroborate Curial e Guelfa as a Catalan chivalric romance.
x043_encyclopedia_com_hrotsvit_reference	Encyclopedia.com Hrotsvit entry	reference_encyclopedia	Hrotsvit/Hrotsvitha reference entry with work-specific Abraham mention	accessed 2026-05-03	Encyclopedia.com, Hrotsvit entry	""	Encyclopedia.com	Encyclopedia.com	Reference support only; not anthology evidence.	X043 targeted public reference extraction	X043	extracted	Used to corroborate Abraham as a named Hrotsvitha play.
x043_yale_british_art_gronniosaw_reference	Yale Center for British Art: Gronniosaw narrative record	publisher_reference_series	Museum/library reference record for Gronniosaw narrative	accessed 2026-05-03	Yale Center for British Art, A narrative of the most remarkable particulars in the life of James Albert Ukawsaw Gronniosaw	""	Yale Center for British Art	Yale Center for British Art	Reference/provenance support; not anthology evidence.	X043 targeted public reference extraction	X043	extracted	Used to corroborate Gronniosaw narrative and 1772 publication context.
x064_encyclopedia_com_lyrics_lowly_life_reference	Encyclopedia.com: Lyrics of Lowly Life	reference_encyclopedia	Work-specific public reference entry for Paul Laurence Dunbar's Lyrics of Lowly Life	accessed 2026-05-04	Encyclopedia.com, Lyrics of Lowly Life, https://www.encyclopedia.com/history/culture-magazines/lyrics-lowly-life	online reference entry	John Bird; American History Through Literature 1870-1920 / Gale	Encyclopedia.com / Gale	Work-specific reference support, not anthology selection evidence	Targeted X064 public reference review	X064	extracted	Used as complete-work support for Lyrics of Lowly Life; source explicitly identifies the 1896 book and its literary-historical importance.
x064_poetry_foundation_dunbar_reference	Poetry Foundation: Paul Laurence Dunbar	reference_encyclopedia	Poetry Foundation public biography with work-specific Lyrics of Lowly Life discussion	accessed 2026-05-04	Poetry Foundation, Paul Laurence Dunbar, https://www.poetryfoundation.org/poets/paul-laurence-dunbar	online poet biography	Poetry Foundation	Poetry Foundation	Author biography; supports work-specific collection identity and reception, not anthology selection	Targeted X064 public reference review	X064	extracted	Used as independent public reference support for Lyrics of Lowly Life.
x070_balcells_all_fires_fire_reference	Agencia Literaria Carmen Balcells: Todos los fuegos el fuego	publisher_reference_series	Author-agency work page for Todos los fuegos el fuego / All Fires the Fire	accessed 2026-05-04	Agencia Literaria Carmen Balcells, Todos los fuegos el fuego / All Fires the Fire, https://www.agenciabalcells.com/en/authors/works/julio-cortazar/todos-los-fuegos-el-fuego/	online rights/work page	Agencia Literaria Carmen Balcells	Agencia Literaria Carmen Balcells	Rights/agency work page; supports title, creator, form, year, and contents	Targeted X070 public publisher/rights review	X070	extracted	Identifies Todos los fuegos el fuego / All Fires the Fire as a 1966 Cortazar short-story collection.
x070_britannica_all_fires_fire_reference	Britannica: All Fires the Fire, and Other Stories	reference_encyclopedia	Work-specific Britannica reference entry for Cortazar's All Fires the Fire	accessed 2026-05-04	Encyclopaedia Britannica, All Fires the Fire, and Other Stories, https://www.britannica.com/topic/All-Fires-the-Fire-and-Other-Stories	online reference entry	Encyclopaedia Britannica	Encyclopaedia Britannica	Work-specific reference support only	Targeted X070 public reference review	X070	extracted	Confirms All Fires the Fire, and Other Stories / Todos los fuegos el fuego as short stories by Cortazar.
x070_britannica_bradstreet_tenth_muse_reference	Britannica: The Tenth Muse Lately Sprung Up in America	reference_encyclopedia	Work-specific Britannica reference entry for Anne Bradstreet's The Tenth Muse	accessed 2026-05-04	Encyclopaedia Britannica, The Tenth Muse Lately Sprung Up in America, https://www.britannica.com/topic/The-Tenth-Muse-Lately-Sprung-Up-in-America	online reference entry	Encyclopaedia Britannica	Encyclopaedia Britannica	Work-specific reference support only	Targeted X070 public reference review	X070	extracted	Confirms title, creator, and 1650 work identity for the Bradstreet collection.
x070_encyclopedia_com_blow_up_reference	Encyclopedia.com: Blow-Up and Other Stories	reference_encyclopedia	World Literature and Its Times entry for Blow-Up and Other Stories	accessed 2026-05-04	Encyclopedia.com, Blow-Up and Other Stories, https://www.encyclopedia.com/arts/culture-magazines/blow-and-other-stories	online reference entry	Gale / World Literature and Its Times	Encyclopedia.com / Gale	Work-specific reference entry; supports collection identity and reception	Targeted X070 public reference review	X070	extracted	Identifies Blow-Up and Other Stories as a Cortazar short-story collection.
x070_encyclopedia_com_taner_baybars_hikmet_reference	Encyclopedia.com: Baybars, Taner	reference_encyclopedia	Reference entry for Taner Baybars listing his translation of Selected Poems of Nazim Hikmet	accessed 2026-05-04	Encyclopedia.com, Baybars, Taner, https://www.encyclopedia.com/arts/culture-magazines/baybars-taner	online reference entry	Encyclopedia.com	Encyclopedia.com / Gale	Translator bibliography; exact title support but indirect for Hikmet's current selected-poems row	Targeted X070 public reference review	X070	extracted	Lists Baybars as translator of Selected Poems of Nazim Hikmet, London: Cape, 1967.
x070_los_angeles_times_primo_levi_collected_poems_review	Los Angeles Times: The Blackness and Radiance of Primo Levi	prize_or_reception_layer	Los Angeles Times review/reference to Primo Levi's Collected Poems	accessed 2026-05-04	Richard Eder, The Blackness and Radiance of Primo Levi, Los Angeles Times, 1988-12-18, https://www.latimes.com/archives/la-xpm-1988-12-18-bk-981-story.html	newspaper review	Richard Eder	Los Angeles Times	Reception/review evidence; supports edition identity, not broad canon rank by itself	Targeted X070 public review/reception review	X070	extracted	References Collected Poems translated by Ruth Feldman and Brian Swann and published by Faber and Faber.
x070_macmillan_walcott_collected_poems_reference	Macmillan: Collected Poems, 1948-1984	publisher_reference_series	Official Macmillan/FSG page for Derek Walcott's Collected Poems, 1948-1984	accessed 2026-05-04	Macmillan, Collected Poems, 1948-1984, https://us.macmillan.com/books/9780374520250/collectedpoems19481984/	Farrar, Straus and Giroux paperback listing	Derek Walcott	Macmillan / Farrar, Straus and Giroux	Publisher page; supports collection identity and publication record	Targeted X070 public publisher review	X070	extracted	Official publisher page identifies the collection and describes its scope.
x070_nobel_milosz_bibliography_reference	Nobel Prize: Czeslaw Milosz Bibliography	prize_or_reception_layer	Nobel Prize bibliography listing multiple Milosz Selected Poems editions	accessed 2026-05-04	NobelPrize.org, Czeslaw Milosz Bibliography, https://www.nobelprize.org/prizes/literature/1980/milosz/bibliography/	online laureate bibliography	Nobel Prize Outreach	Nobel Prize Outreach	Reception/bibliographic layer; exact selected-poems support	Targeted X070 public Nobel bibliography review	X070	extracted	Lists Selected Poems editions including 1968, 1973, and Selected Poems 1931-2004.
x070_nobel_walcott_bibliography_reference	Nobel Prize: Derek Walcott Bibliography	prize_or_reception_layer	Nobel Prize bibliography listing Walcott's Collected Poems 1948-1984	accessed 2026-05-04	NobelPrize.org, Derek Walcott Bibliography, https://www.nobelprize.org/prizes/literature/1992/walcott/bibliography/	online laureate bibliography	Nobel Prize Outreach	Nobel Prize Outreach	Reception/bibliographic layer; not a teaching anthology	Targeted X070 public Nobel bibliography review	X070	extracted	Lists Collected Poems 1948-1984 in Walcott's Nobel bibliography.
x070_penguin_random_house_blow_up_reference	Penguin Random House: Blow-Up	publisher_reference_series	Official Penguin Random House page for Blow-Up: And Other Stories	accessed 2026-05-04	Penguin Random House, Blow-Up by Julio Cortazar, https://www.penguinrandomhouse.com/books/32198/blow-up-by-julio-cortazar/	Pantheon paperback listing	Julio Cortazar	Penguin Random House / Pantheon	Publisher page; supports current English collection title and contents	Targeted X070 public publisher review	X070	extracted	Official publisher page identifies Blow-Up: And Other Stories and lists the collection details.
x070_poetry_foundation_bradstreet_tenth_muse_reference	Poetry Foundation: Anne Bradstreet	reference_encyclopedia	Poetry Foundation poet biography with work-specific The Tenth Muse discussion	accessed 2026-05-04	Poetry Foundation, Anne Bradstreet, https://www.poetryfoundation.org/poets/anne-bradstreet	online poet biography	Poetry Foundation	Poetry Foundation	Author biography; supports work-specific collection identity and reception	Targeted X070 public reference review	X070	extracted	Confirms The Tenth Muse as Bradstreet's poetry volume first published in London in 1650.
x070_poetry_foundation_hikmet_selected_poems_reference	Poetry Foundation: Nazim Hikmet	reference_encyclopedia	Poetry Foundation biography listing Hikmet's Selected Poems	accessed 2026-05-04	Poetry Foundation, Nazim Hikmet, https://www.poetryfoundation.org/poets/nazim-hikmet	online poet biography	Poetry Foundation	Poetry Foundation	Author biography; supports selected-poems translation identity	Targeted X070 public reference review	X070	extracted	Lists Selected Poems (1967; translated by Taner Baybars) among Hikmet's English translations.
x070_poetry_foundation_primo_levi_reference	Poetry Foundation: Primo Levi	reference_encyclopedia	Poetry Foundation biography with work-specific Collected Poems: Primo Levi discussion	accessed 2026-05-04	Poetry Foundation, Primo Levi, https://www.poetryfoundation.org/poets/primo-levi	online poet biography	Poetry Foundation	Poetry Foundation	Author biography; supports work-specific poetry collection identity	Targeted X070 public reference review	X070	extracted	Identifies Collected Poems: Primo Levi and its translated collection scope.
x070_washington_post_milosz_selected_poems_review	Washington Post: Czeslaw Milosz and the Laurels of Literature	prize_or_reception_layer	Washington Post review discussion of Milosz's Selected Poems	accessed 2026-05-04	Czeslaw Milosz And the Laurels Of Literature, Washington Post, 1981-06-14, https://www.washingtonpost.com/archive/entertainment/books/1981/06/14/czeslaw-milosz-and-the-laurels-of-literature/652bcf28-046e-44e3-9c16-1b63f5fe230f/	newspaper review	Washington Post	Washington Post	Reception/review evidence; supports selected-poems identity and English reception	Targeted X070 public review/reception review	X070	extracted	Discusses Selected Poems as the representative English collection available after the Nobel award.
