packet_id	packet_family	scope	status	gate	output_artifact	next_action	notes
X001	X	classical open metadata	pilot_ingested	matching_needed	_planning/canon_build/source_crosswalk_reports/x_batch_001_x001_x006.md	run_x013_x014	Perseus/PHI pilot rows ingested.
X002	X	Library of America and African American poetry/slave narrative layers	pilot_ingested	matching_needed	_planning/canon_build/source_crosswalk_reports/x_batch_001_x001_x006.md	run_x013_x014	LOA pilot rows ingested.
X003	X	medieval public corpora/catalogs	pilot_ingested	matching_needed	_planning/canon_build/source_crosswalk_reports/x_batch_001_x001_x006.md	run_x013_x014	Medieval pilot rows ingested.
X004	X	English/British anthology TOCs	pilot_ingested	matching_needed	_planning/canon_build/source_crosswalk_reports/x_batch_001_x001_x006.md	run_x013_x014	English/British pilot rows ingested.
X005	X	university/reference lists	pilot_ingested	matching_needed	_planning/canon_build/source_crosswalk_reports/x_batch_001_x001_x006.md	run_x013_x014	Columbia/Princeton/OWC pilot rows ingested.
X006	X	African American anthology layers	pilot_ingested	matching_needed	_planning/canon_build/source_crosswalk_reports/x_batch_001_x001_x006.md	run_x013_x014	African American pilot rows ingested.
X007	X	classical edition/reference metadata	feasibility_complete	rows_held	_planning/canon_build/source_crosswalk_reports/x_batch_002_x007_x012.md	harden_source_policy	Pilot rows held pending source-class policy.
X008	X	world-literature anthology TOCs	feasibility_complete	rows_held	_planning/canon_build/source_crosswalk_reports/x_batch_002_x007_x012.md	harden_extractor_specs	Norton feasible; Longman partial; Bedford fragmentary.
X009	X	medieval edition/corpus metadata	feasibility_complete	rows_held	_planning/canon_build/source_crosswalk_reports/x_batch_002_x007_x012.md	harden_item_scope	Mostly identity/access/context evidence.
X010	X	American anthology TOCs	feasibility_complete	rows_held	_planning/canon_build/source_crosswalk_reports/x_batch_002_x007_x012.md	harden_extractor_specs	Norton feasible; Heath partial.
X011	X	Bloom curated seed layer	blocked	missing_artifact	_planning/canon_build/source_crosswalk_reports/x_batch_002_x007_x012.md	need_external_seed	Do not reconstruct from current path annotations.
X012	X	Bloom full appendix/review batches	recoverable	policy_gated	_planning/canon_build/source_crosswalk_reports/x_batch_002_x007_x012.md	record_recovery_manifest	Local untracked artifacts found; do not publish full appendix blindly.
X013	X	title/creator normalization and matching	candidate_rows_created	evidence_generation_required	_planning/canon_build/tables/canon_match_candidates.tsv;_planning/canon_build/tables/canon_match_review_queue.tsv;_planning/canon_build/tables/canon_match_review_decisions.tsv;_planning/canon_build/tables/canon_work_candidates.tsv	run_x017_evidence_generation_and_scope_review	Generated 529 match candidates, 5474 review queue rows, 5474 explicit match decisions, and 8 provisional source-backed candidates after X027; public path unchanged.
X014	X	alias/contained-work/series relation generation	relation_scope_status_generated	final_relation_scope_required	_planning/canon_build/tables/canon_relation_review_queue.tsv;_planning/canon_build/tables/canon_relation_review_decisions.tsv;_planning/canon_build/tables/canon_relation_scope_rules.yml;_planning/canon_build/tables/canon_relation_scope_status.tsv	review_scope_required_rows_before_writing_relations	Generated 7567 relation review rows, 7567 relation decisions, and 7567 relation scope statuses after X027; 0 rows are ready to write as final relations.
X015	X	controlled-value and status-coherence hardening	active	blocking	""	schema_validator_update	First hardening pass after workflow review.
X016	X	source weighting policy	draft_created	needs_scoring_integration	_planning/canon_build/tables/canon_source_weights.yml	validate_source_type_mapping	Weights must be centrally derived before scoring.
X017	X	evidence-row generation and source-debt closure rules	source_debt_status_generated	scoring_integration_required	_planning/canon_build/tables/canon_evidence.tsv;_planning/canon_build/tables/canon_source_debt_rules.yml;_planning/canon_build/tables/canon_source_debt_status.tsv;_planning/canon_build/manifests/canon_source_item_progress.md	build_scoring_inputs_from_source_debt_status	Generated 468 total evidence rows and 3008 source-debt status rows after X027; stale evidence for replaced source-item IDs is pruned; no source debt closed and no scores derived.
X018	X	omission queue with duplicate/boundary/chronology checks	draft_queue_generated	requires_evidence_acceptance_and_scoring	_planning/canon_build/tables/canon_omission_queue.tsv	review_omission_blockers_then_score_ready_rows	Generated 8 source-backed omission queue rows; all are not ready for scoring because source debt, scope, chronology, or corroboration gates remain open.
X019	X	scoring inputs and replacement readiness gate	scoring_inputs_generated	requires_source_debt_closure_and_coverage_targets	_planning/canon_build/tables/canon_scoring_inputs.tsv	build_coverage_targets_then_score_ready_rows	Generated 3008 scoring input rows; 0 are ready for score computation, so no replacement candidates or public add/cut changes are generated.
X020	X	E014/E018 public TOC source-item extraction	source_items_ingested	evidence_generation_required	_planning/canon_build/tables/canon_source_items.tsv;_planning/canon_build/source_crosswalk_reports/x_batch_004_x020_e014_e018.md	review_x017_evidence_and_source_scope	Added 85 source-item observations from Columbia Korean fiction, Columbia premodern Korean prose, and a partial Rienner African literature pilot; expanded X013/X014 and X017 now cover eligible rows; no public path changes.
X021	X	E013/E016/E017 public TOC source-item extraction	source_items_ingested	evidence_generation_required	_planning/canon_build/tables/canon_source_items.tsv;_planning/canon_build/source_crosswalk_reports/x_batch_005_x021_e013_e016_e017.md	review_x017_evidence_and_source_scope	Added 238 source-item observations from Latin American, Chinese, and Japanese anthology TOCs; expanded X013/X014 and X017 now cover eligible rows; no public path changes.
X022	X	parser-backed public TOC expansion for E013/E014/E015/E017/E018 sources	source_items_ingested	evidence_generation_required	_planning/canon_build/tables/canon_source_items.tsv;_planning/canon_build/source_crosswalk_reports/x_batch_006_x022_public_toc_source_items.md	review_x017_evidence_then_continue_partial_sources	Added parser-backed rows from FSG/Oxford Latin American poetry, Rienner African literature, Oxford Indian poetry, Clay, Murty, Japanese v2, and Korean LTI/poetry metadata; expanded X013/X014 and X017 now cover eligible rows; no public path changes.
X023	X	remaining parseable E014/E015/E017 partial public sources	source_items_ingested	matching_required	_planning/canon_build/tables/canon_source_items.tsv;_planning/canon_build/source_crosswalk_reports/x_batch_007_x023_remaining_partial_sources.md	run_matching_relation_scope_evidence_and_continue_full_line_level_chinese_japanese_african_context_sources	Added Brians South Asian chapter TOC, Penguin African poetry poem-level TOC, African Writers Series metadata rows, and audited traditional/early-modern Japanese major-work rows; no public path changes.
X024	X	full-line Chinese/Japanese TOCs plus Cambridge context and CText metadata cleanup	source_items_ingested	matching_required	_planning/canon_build/tables/canon_source_items.tsv;_planning/canon_build/source_crosswalk_reports/x_batch_008_x024_full_toc_context_cleanup.md	run_matching_relation_scope_evidence_then_continue_unresolved_traditional_chinese_and_official_indian_poetry_checks	Expanded X024 parseable public sources into 1,059 generated rows; left CPL Traditional Chinese and Oxford Indian poem-level official copy debt explicit.
X025	X	Traditional Chinese remaining access, Shorter Columbia comparator, Cambridge Chinese context, and Oxford modern Indian official metadata	source_items_ingested	evidence_scope_review_required	_planning/canon_build/tables/canon_source_items.tsv;_planning/canon_build/source_crosswalk_reports/x_batch_009_x025_chinese_indian_remaining_cleanup.md	move_to_large_world_american_british_anthology_packets	Added 277 X025 rows: 262 Shorter Columbia Traditional Chinese public TOC rows and 15 Cambridge Chinese literary-history context rows; X013/X014/X017 were rerun; full Columbia and Oxford Indian poem-level official-copy debts remain explicit.
X026	X	Norton World Literature 5e official TOC PDFs, Vols. A-F	source_items_ingested	evidence_scope_review_required	_planning/canon_build/tables/canon_source_items.tsv;_planning/canon_build/source_crosswalk_reports/x_batch_010_x026_norton_world_lit_toc.md	continue_longman_bedford_world_lit	Added 1586 Norton World Literature 5e official TOC rows from Vols. A-F; X013/X014/X017 were rerun; 116 provisional exact matches generated evidence rows.
X027	X	Longman World Literature 2e public TOC extraction	source_items_ingested	evidence_scope_review_required	_planning/canon_build/source_crosswalk_reports/x_batch_011_x027_longman_world_lit_toc.md	continue_bedford_fragments	1644 Longman 2e source-item rows from Vols. A-F; X013/X014/X017 were rerun; 112 provisional exact matches generated evidence rows; mixed Pearson/eCampus public TOC provenance; public canon unchanged
X028	X	diagnostic-first coverage and sentinel gap triage	diagnostics_generated	manual_red_cell_review_required	_planning/canon_build/tables/canon_coverage_matrix.tsv;_planning/canon_build/tables/canon_sentinel_checks.tsv;_planning/canon_build/tables/canon_gap_diagnostics.tsv;_planning/canon_build/tables/canon_red_cell_audit_queue.tsv;_planning/canon_build/source_crosswalk_reports/x_batch_012_x028_gap_diagnostics.md	review_top_red_cells_then_expand_sentinel_targets_and_source_extraction	185 diagnostics generated; 120 red-cell audit queue rows; public canon unchanged
X029	X	red-cell audit queue machine triage	triage_generated	manual_review_required_before_candidate_changes	_planning/canon_build/tables/canon_red_cell_triage.tsv;_planning/canon_build/source_crosswalk_reports/x_batch_013_x029_red_cell_triage.md	review_high_confidence_omission_candidates_and_variant_alias_rows	120 red-cell rows triaged; public canon unchanged
X030	X	manual route decisions for X029 title-level rows	review_decisions_recorded	relation_or_candidate_writes_required	_planning/canon_build/tables/canon_red_cell_review_decisions.tsv;_planning/canon_build/source_crosswalk_reports/x_batch_014_x030_title_route_review.md	write_alias_selection_or_omission_candidate_updates_from_x030_decisions	25 title-route decisions recorded; public canon unchanged
X031	X	safe title-variant alias writes from X030	aliases_added	matching_rerun_required	_planning/canon_build/tables/canon_aliases.tsv;_planning/canon_build/source_crosswalk_reports/x_batch_015_x031_title_variant_aliases.md	rerun_match_review_for_alias_affected_source_rows	7 reviewed title-variant aliases added; public canon unchanged
X032	X	match-review rerun after X031 aliases	matching_rerun_generated	manual_match_review_required	_planning/canon_build/tables/canon_match_candidates.tsv;_planning/canon_build/tables/canon_match_review_queue.tsv;_planning/canon_build/tables/canon_match_review_decisions.tsv;_planning/canon_build/source_crosswalk_reports/x_batch_016_x032_alias_match_rerun.md	review_alias_matches_and_fix_from_prefix_matching	541 match candidates and 5474 match-review decisions generated; 12 net candidate rows added after aliases; public canon unchanged
X033	X	from-prefix source-title matcher	matcher_rule_added_and_rerun	manual_match_review_required	_planning/canon_build/tables/canon_match_candidates.tsv;_planning/canon_build/tables/canon_match_review_queue.tsv;_planning/canon_build/tables/canon_match_review_decisions.tsv;_planning/canon_build/source_crosswalk_reports/x_batch_017_x033_from_prefix_matcher.md	review_from_prefix_matches_and_continue_title_normalization	557 match candidates and 5474 match-review decisions generated; 16 from-prefix candidate rows across 10 source rows; public canon unchanged
X034	X	reviewed creator romanization variants	creator_variants_added_and_rerun	manual_match_review_required	_planning/canon_build/tables/canon_creators.tsv;_planning/canon_build/tables/canon_match_candidates.tsv;_planning/canon_build/source_crosswalk_reports/x_batch_018_x034_creator_variants.md	review_creator_variant_matches_and_continue_normalization	2 creator rows updated; 4 candidate rows changed from creator mismatch to creator match; public canon unchanged
X035	X	X030 reviewed scope routes applied to decisions	scope_routes_applied	final_relation_scope_required	_planning/canon_build/tables/canon_match_review_decisions.tsv;_planning/canon_build/tables/canon_relation_review_decisions.tsv;_planning/canon_build/tables/canon_relation_scope_rules.yml;_planning/canon_build/tables/canon_relation_scope_status.tsv;_planning/canon_build/source_crosswalk_reports/x_batch_019_x035_x030_scope_routes.md	review_boundary_candidates_and_relation_scope_targets	39 X030 rows routed into match/relation decisions; 8 boundary-review candidate proposals remain target-missing; public canon unchanged
X036	X	X035 boundary-review proposal materialization	provisional_candidates_materialized	scoring_blocked	_planning/canon_build/tables/canon_work_candidates.tsv;_planning/canon_build/tables/canon_source_items.tsv;_planning/canon_build/tables/canon_evidence.tsv;_planning/canon_build/tables/canon_omission_queue.tsv;_planning/canon_build/tables/canon_scoring_inputs.tsv;_planning/canon_build/source_crosswalk_reports/x_batch_020_x036_boundary_candidate_materialization.md	resolve_boundary_date_scope_and_evidence_acceptance	4 provisional source-backed candidates created; 27 evidence rows created; 12 omission rows and 3012 scoring inputs generated; 0 score-ready; public canon unchanged
X037	X	X036 boundary candidate metadata	metadata_added	scoring_blocked	_planning/canon_build/tables/canon_work_candidates.tsv;_planning/canon_build/tables/canon_omission_queue.tsv;_planning/canon_build/tables/canon_scoring_inputs.tsv;_planning/canon_build/source_crosswalk_reports/x_batch_021_x037_boundary_candidate_metadata.md	resolve_boundary_scope_and_evidence_acceptance	4 provisional candidate rows updated with verified date/taxonomy/form metadata; chronology blockers removed for those rows; 0 score-ready; public canon unchanged
X038	X	X036 boundary policy routes	boundary_routes_recorded	scoring_blocked	_planning/canon_build/tables/canon_review_decisions.yml;_planning/canon_build/tables/canon_work_candidates.tsv;_planning/canon_build/tables/canon_evidence.tsv;_planning/canon_build/tables/canon_omission_queue.tsv;_planning/canon_build/tables/canon_scoring_inputs.tsv;_planning/canon_build/source_crosswalk_reports/x_batch_022_x038_boundary_policy_routes.md	review_boundary_evidence_and_continue_red_cell_routes	3 conditional boundary-policy routes recorded for 4 provisional candidates; 8 evidence rows annotated with boundary policy support; 0 score-ready; public canon unchanged
X039	X	X036/X038 evidence scope gate	evidence_accepted_scoring_guard_fixed	scoring_blocked	_planning/canon_build/tables/canon_review_decisions.yml;_planning/canon_build/tables/canon_evidence.tsv;_planning/canon_build/tables/canon_source_debt_status.tsv;_planning/canon_build/tables/canon_omission_queue.tsv;_planning/canon_build/tables/canon_scoring_inputs.tsv;_planning/canon_build/source_crosswalk_reports/x_batch_023_x039_evidence_scope_gate.md	resolve_boundary_flags_or_continue_red_cell_routes	8 exact-title anthology evidence rows accepted for 4 provisional candidates; source-container-only relation rows no longer count as scoring blockers; 4 source debts closed; 0 score-ready; public canon unchanged
X040	X	original source-backed candidate triage	metadata_and_evidence_scope_triaged	scoring_blocked	_planning/canon_build/tables/canon_work_candidates.tsv;_planning/canon_build/tables/canon_source_items.tsv;_planning/canon_build/tables/canon_evidence.tsv;_planning/canon_build/tables/canon_source_debt_status.tsv;_planning/canon_build/tables/canon_omission_queue.tsv;_planning/canon_build/tables/canon_scoring_inputs.tsv;_planning/canon_build/source_crosswalk_reports/x_batch_024_x040_source_backed_candidate_triage.md	seek_additional_support_or_continue_red_cell_routes	8 original source-backed candidates updated with metadata and evidence-scope triage; 5 now need additional independent support, 2 are selection-only, 1 is non-scoring identity support; 0 score-ready; public canon unchanged
X041	X	Norton African American Literature Volume 1 corroboration	source_items_ingested_score_ready_row_created	scoring_required	_planning/canon_build/tables/canon_source_items.tsv;_planning/canon_build/tables/canon_evidence.tsv;_planning/canon_build/tables/canon_match_candidates.tsv;_planning/canon_build/tables/canon_relation_scope_status.tsv;_planning/canon_build/tables/canon_source_debt_status.tsv;_planning/canon_build/tables/canon_omission_queue.tsv;_planning/canon_build/tables/canon_scoring_inputs.tsv;_planning/canon_build/source_crosswalk_reports/x_batch_025_x041_naal_v1_corroboration.md	compute_score_for_ready_rows_then_continue_corroboration	2 official Norton African American Literature 4e Vol. 1 source rows added; Harper poem reaches ready_for_score_computation; Brown remains selection support only; public canon unchanged
X042	X	score-ready row scoring	scores_generated	no_replacement_action	_planning/canon_build/tables/canon_scores.tsv;scripts/canon_generate_scores.rb;_planning/canon_build/source_crosswalk_reports/x_batch_026_x042_score_ready_rows.md	continue_corroboration_and_boundary_review	Generated first provisional score row for Harper's Bury Me in a Free Land; no public replacement transaction generated; public canon unchanged
X043	X	targeted public reference corroboration and same-work alias scope cleanup	reference_corroboration_added_scores_regenerated	no_replacement_action	_planning/canon_build/tables/canon_source_registry.tsv;_planning/canon_build/tables/canon_source_items.tsv;_planning/canon_build/tables/canon_evidence.tsv;_planning/canon_build/tables/canon_relation_scope_rules.yml;_planning/canon_build/tables/canon_relation_scope_status.tsv;_planning/canon_build/tables/canon_source_debt_status.tsv;_planning/canon_build/tables/canon_scoring_inputs.tsv;_planning/canon_build/tables/canon_scores.tsv;_planning/canon_build/source_crosswalk_reports/x_batch_027_x043_reference_corroboration.md	continue_corroboration_boundary_review_and_generate_coverage_targets	6 public reference/literary-history sources added; 6 evidence rows accepted; 5 source-backed candidates now ready and scored; Curial source debt closed but boundary/completion gates remain; public canon unchanged
X044	X	coverage target generation and coverage-aware score regeneration	coverage_targets_generated_scores_regenerated	no_replacement_action	_planning/canon_build/tables/canon_coverage_targets.yml;_planning/canon_build/tables/canon_scores.tsv;scripts/canon_generate_coverage_targets.rb;scripts/canon_generate_scores.rb;_planning/canon_build/source_crosswalk_reports/x_batch_028_x044_coverage_targets.md	generate_replacement_candidate_prefilter_or_continue_corroboration	72 coverage review targets generated from X028 diagnostics; scores now include capped coverage-scarcity bonus; public canon unchanged
X045	X	score-ready add candidate replacement prefilter	blocked_replacement_prefilter_generated	cut_generation_required	_planning/canon_build/tables/canon_replacement_candidates.tsv;scripts/canon_generate_replacement_prefilter.rb;_planning/canon_build/source_crosswalk_reports/x_batch_029_x045_replacement_prefilter.md	generate_cut_candidates_and_score_delta_gate	5 blocked add-candidate prefilter rows generated from score-ready source-backed candidates; cut fields intentionally blank; public canon unchanged
X046	X	all-incumbent cut-risk candidate generation	cut_risk_table_generated	pairing_required_before_replacement_review	_planning/canon_build/tables/canon_cut_candidates.tsv;scripts/canon_generate_cut_candidates.rb;_planning/canon_build/source_crosswalk_reports/x_batch_030_x046_cut_candidates.md	generate_blocked_add_cut_pairings	3000 selected incumbents ranked after X064; 237 high-priority and 218 protected-core rows; public canon unchanged
X047	X	blocked add/cut replacement pairing	pair_rows_generated	still_blocked	_planning/canon_build/tables/canon_replacement_candidates.tsv;scripts/canon_generate_replacement_pairings.rb;_planning/canon_build/source_crosswalk_reports/x_batch_031_x047_replacement_pairings.md	run_pair_duplicate_chronology_boundary_and_cut_score_checks	1185 blocked pair rows regenerated after X064 from 5 source-backed add candidates and 237 high-priority cut-review rows; public canon unchanged
X048	X	blocked add/cut pair check annotation	pair_checks_annotated	still_blocked	_planning/canon_build/tables/canon_replacement_candidates.tsv;scripts/canon_generate_replacement_pairings.rb;_planning/canon_build/source_crosswalk_reports/x_batch_032_x048_pair_check_annotations.md	compute_cut_scores_or_select_manual_pair_review_subset	1185 blocked pair rows annotated after X064 with duplicate, chronology, boundary, source-debt, add-year, cut-year, and cut-risk signals; public canon unchanged
X049	X	replacement pair review queue generation	pair_review_queue_generated	still_blocked	_planning/canon_build/tables/canon_replacement_pair_review_queue.tsv;scripts/canon_generate_pair_review_queue.rb;_planning/canon_build/source_crosswalk_reports/x_batch_033_x049_pair_review_queue.md	manual_pair_review_or_cut_side_score_generation	75 balanced pair-review rows regenerated from 1185 blocked pairs after X064; 15 rows per source-backed add candidate; public canon unchanged
X050	X	cut-side review work order generation	cut_review_work_orders_generated	still_blocked	_planning/canon_build/tables/canon_cut_review_work_orders.tsv;scripts/canon_generate_cut_review_work_orders.rb;_planning/canon_build/source_crosswalk_reports/x_batch_034_x050_cut_review_work_orders.md	review_generic_selected_work_selection_basis_and_source_support	45 cut-review work orders regenerated after X064 complete-work support refresh; public canon unchanged
X051	X	generic selected-work selection-basis review	generic_selection_basis_review_generated	still_blocked	_planning/canon_build/tables/canon_generic_selection_basis_review.tsv;scripts/canon_generate_generic_selection_basis_review.rb;_planning/canon_build/source_crosswalk_reports/x_batch_035_x051_generic_selection_basis_review.md	resolve_cut_side_source_support_or_mark_selection_basis_unresolved	45 current X050 cut work orders classified by generic-title, alias, source-item, evidence, and source-debt support after X064; public canon unchanged
X052	X	cut-side source-item rescue candidate generation	cut_source_item_rescue_candidates_generated	still_blocked	_planning/canon_build/tables/canon_cut_source_item_rescue_candidates.tsv;scripts/canon_generate_cut_source_item_rescue_candidates.rb;_planning/canon_build/source_crosswalk_reports/x_batch_036_x052_cut_source_item_rescue_candidates.md	review_rescue_source_items_for_cut_side_match_scope_and_evidence	48 source-item rescue rows generated from X051 work orders using creator-exact and existing-linked source-item support; public canon unchanged
X053	X	cut-review resolution lane generation	cut_review_resolution_lanes_generated	still_blocked	_planning/canon_build/tables/canon_cut_review_resolution_lanes.tsv;scripts/canon_generate_cut_review_resolution_lanes.rb;_planning/canon_build/source_crosswalk_reports/x_batch_037_x053_cut_review_resolution_lanes.md	process_existing_source_item_rescues_then_external_source_acquisition	50 X051 cut-review rows split into 17 existing-source rescue rows and 33 external-source acquisition rows; public canon unchanged
X054	X	cut source-item rescue scope review	cut_rescue_scope_review_generated	still_blocked	_planning/canon_build/tables/canon_cut_rescue_scope_review.tsv;scripts/canon_generate_cut_rescue_scope_review.rb;_planning/canon_build/source_crosswalk_reports/x_batch_038_x054_cut_rescue_scope_review.md	resolve_scope_risks_before_cut_side_evidence_generation	48 X052 rescue rows classified into scope-risk classes, including 19 high-risk membership/form checks; public canon unchanged
X055	X	cut-side evidence proposal generation	cut_evidence_proposals_generated	still_blocked	_planning/canon_build/tables/canon_cut_evidence_proposals.tsv;scripts/canon_generate_cut_evidence_proposals.rb;_planning/canon_build/source_crosswalk_reports/x_batch_039_x055_cut_evidence_proposals.md	manual_scope_review_before_evidence_table_update	16 grouped medium-risk evidence proposals generated from X054; 19 high-risk rows skipped; public canon unchanged
X056	X	cut evidence item-decision generation	cut_evidence_item_decisions_generated	still_blocked	_planning/canon_build/tables/canon_cut_evidence_item_decisions.tsv;scripts/canon_generate_cut_evidence_item_decisions.rb;_planning/canon_build/source_crosswalk_reports/x_batch_040_x056_cut_evidence_item_decisions.md	review_ready_item_rows_before_evidence_generation	48 source-item rescue rows adjudicated at item level; 21 ready for representative-selection evidence review and 27 blocked or held; public canon unchanged
X057	X	cut evidence write-plan generation	cut_evidence_write_plan_generated	still_blocked	_planning/canon_build/tables/canon_cut_evidence_write_plan.tsv;scripts/canon_generate_cut_evidence_write_plan.rb;_planning/canon_build/source_crosswalk_reports/x_batch_041_x057_cut_evidence_write_plan.md	accept_or_reject_write_plan_rows_before_evidence_ledger_update	21 review-gated evidence write-plan rows generated from X056 ready item rows; evidence ledger unchanged; public canon unchanged
X058	X	cut evidence write-plan apply	cut_evidence_apply_generated	still_blocked	_planning/canon_build/tables/canon_cut_evidence_applied_rows.tsv;scripts/canon_apply_cut_evidence_write_plan.rb;_planning/canon_build/source_crosswalk_reports/x_batch_042_x058_cut_evidence_apply.md	regenerate_cut_side_review_lanes_after_evidence_apply	21 accepted representative-selection evidence rows applied from X057 and downstream source-debt/scoring/cut queues refreshed; public canon unchanged
X059	X	post-X058 cut-side action queue	cut_side_action_queue_generated	still_blocked	_planning/canon_build/tables/canon_cut_side_post_x058_action_queue.tsv;scripts/canon_generate_cut_side_post_x058_action_queue.rb;_planning/canon_build/source_crosswalk_reports/x_batch_043_x059_cut_side_post_x058_action_queue.md	process_remaining_selection_only_title_scope_then_scope_rescue_rows	45 current cut-side action rows refreshed after X064: 1 accepted selection-only row still needs title/scope correction or complete-work support, 7 existing-source rescue reviews, and 37 external-source acquisition rows; public canon unchanged
X060	X	existing selection-evidence review	existing_selection_evidence_review_generated	still_blocked	_planning/canon_build/tables/canon_existing_selection_evidence_reviews.tsv;scripts/canon_accept_existing_selection_evidence_x060.rb;_planning/canon_build/source_crosswalk_reports/x_batch_044_x060_existing_selection_evidence_review.md	search_for_complete_work_support_for_selection_only_rows	2 existing representative-selection evidence rows accepted as selection-only support; source debt remains open and public canon unchanged
X061	X	current rescue scope review	current_rescue_scope_review_generated	superseded_by_x065	_planning/canon_build/source_crosswalk_reports/x_batch_045_x061_current_rescue_scope_review.md	refresh_current_scope_after_action_queue_changes	Initial current-source rescue snapshot classified 23 source-item rescue rows; superseded by X065 after X064 changed the current action queue; public canon unchanged
X062	X	medium-risk rescue evidence apply	medium_risk_rescue_evidence_apply_generated	still_blocked	_planning/canon_build/tables/canon_medium_risk_rescue_evidence_applied.tsv;scripts/canon_apply_medium_risk_rescue_evidence_x062.rb;_planning/canon_build/source_crosswalk_reports/x_batch_046_x062_medium_risk_rescue_evidence_apply.md	process_remaining_high_risk_scope_and_external_source_rows	3 medium-risk representative-selection evidence rows applied from X061; source debt remains selection-only and public canon unchanged
X063	X	high-risk rescue residue reconciliation	high_risk_rescue_residue_generated	still_blocked	_planning/canon_build/tables/canon_high_risk_rescue_residue.tsv;scripts/canon_generate_high_risk_rescue_residue_x063.rb;_planning/canon_build/source_crosswalk_reports/x_batch_047_x063_high_risk_rescue_residue.md	resolve_17_current_high_risk_scope_blockers_or_move_to_external_sources	17 high-risk current rescue-scope rows reconciled against the current X065 action/scope view: 17 active high-risk scope blockers and 0 stale rows; no evidence or public canon change
X064	X	selection-only complete-work support review	selection_only_complete_work_support_generated	still_blocked	_planning/canon_build/tables/canon_selection_only_complete_work_support_review.tsv;scripts/canon_apply_selection_only_complete_work_support_x064.rb;_planning/canon_build/source_crosswalk_reports/x_batch_048_x064_selection_only_complete_work_support.md	resolve_hughes_title_scope_then_continue_scope_rescue_or_external_source_rows	2 selection-only complete-work-support rows reviewed: Dunbar accepted with 2 external complete-work evidence rows and closed source debt after refresh; Hughes held because public sources support The Weary Blues, not the current composite title; public canon unchanged
X065	X	current rescue scope refresh	current_rescue_scope_refresh_generated	still_blocked	_planning/canon_build/tables/canon_current_rescue_scope_review.tsv;scripts/canon_generate_current_rescue_scope_refresh_x065.rb;_planning/canon_build/source_crosswalk_reports/x_batch_049_x065_current_rescue_scope_refresh.md	resolve_17_high_risk_scope_blockers_or_move_to_external_sources	17 current rescue source-item rows classified after X068 refresh: 0 medium-risk rows and 17 high-risk collection/form blockers; public canon unchanged
X066	X	current medium-risk rescue evidence apply	current_medium_risk_rescue_evidence_apply_generated	still_blocked	_planning/canon_build/tables/canon_current_medium_risk_rescue_evidence_applied.tsv;scripts/canon_apply_current_medium_risk_rescue_evidence_x066.rb;_planning/canon_build/source_crosswalk_reports/x_batch_050_x066_current_medium_risk_rescue_evidence_apply.md	process_current_medium_risk_rows_or_high_risk_scope_blockers	1 Odi Gonzales representative-selection evidence row applied from the current X065 medium-risk rescue table; source debt remains selection-only, downstream queues were refreshed, and public canon unchanged
X067	X	current medium-risk rescue evidence apply	current_medium_risk_rescue_evidence_apply_generated	still_blocked	_planning/canon_build/tables/canon_current_medium_risk_rescue_evidence_applied.tsv;scripts/canon_apply_current_medium_risk_rescue_evidence_x067.rb;_planning/canon_build/source_crosswalk_reports/x_batch_051_x067_current_medium_risk_rescue_evidence_apply.md	process_current_medium_risk_wave_or_high_risk_scope_blockers	5 David Diop representative-selection evidence rows applied from the current X065 medium-risk rescue table; source debt remains selection-only, downstream queues were refreshed, and public canon unchanged
X068	X	current medium-risk rescue wave apply	current_medium_risk_rescue_wave_apply_generated	still_blocked	_planning/canon_build/tables/canon_current_medium_risk_rescue_evidence_applied.tsv;scripts/canon_apply_current_medium_risk_rescue_wave_x068.rb;_planning/canon_build/source_crosswalk_reports/x_batch_052_x068_current_medium_risk_rescue_wave_apply.md	resolve_17_high_risk_scope_blockers_or_move_to_external_sources	13 representative-selection evidence rows applied for Keorapetse Kgositsile, Dennis Brutus, and Mongane Wally Serote; source debt remains selection-only, current medium-risk lane is empty, and public canon unchanged
X069	X	current high-risk rescue resolution queue	current_high_risk_resolution_queue_generated	evidence_blocked_pending_external_scope_support	_planning/canon_build/tables/canon_current_high_risk_resolution_queue.tsv;_planning/canon_build/tables/canon_current_high_risk_work_resolution.tsv;scripts/canon_generate_current_high_risk_resolution_queue_x069.rb;_planning/canon_build/source_crosswalk_reports/x_batch_053_x069_current_high_risk_resolution_queue.md	acquire_targeted_external_sources_for_7_high_risk_works	17 high-risk rows classified; 7 work-level source-acquisition plans generated; no evidence or public canon change
X070	X	targeted external source rescue for X069 high-risk blockers	targeted_external_source_rescue_applied	cut_and_replacement_review_still_required	_planning/canon_build/tables/canon_external_source_rescue_evidence_applied_x070.tsv;scripts/canon_apply_targeted_external_source_rescue_x070.rb;_planning/canon_build/source_crosswalk_reports/x_batch_054_x070_targeted_external_source_rescue.md	review_cut_side_source_debt_closed_rows_and_continue_external_acquisition_queue	14 accepted external evidence rows applied for 7 X069 target works; 7 target source debts closed after refresh; public canon unchanged
X071	X	targeted external source rescue for Family Ties by Clarice Lispector	targeted_external_source_rescue_applied	cut_and_replacement_review_still_required	_planning/canon_build/tables/canon_external_source_rescue_evidence_applied_x071.tsv;scripts/canon_apply_family_ties_external_source_rescue_x071.rb;_planning/canon_build/source_crosswalk_reports/x_batch_055_x071_family_ties_external_source_rescue.md	continue_external_source_acquisition_queue_after_family_ties_rescue	4 accepted external evidence rows applied for Family Ties; source debt closed=1; public canon unchanged
X072	X	Hughes build-layer title/scope correction and source rescue	title_scope_rescue_applied	public_path_update_and_cut_review_still_required	_planning/canon_build/tables/canon_title_scope_corrections_x072.tsv;scripts/canon_apply_hughes_title_scope_rescue_x072.rb;_planning/canon_build/source_crosswalk_reports/x_batch_056_x072_hughes_title_scope_rescue.md	review_source_debt_closed_cut_side_rows_then_continue_external_acquisition_queue	Corrected Hughes build-layer title from The Weary Blues and Selected Poems to The Weary Blues; 4 evidence rows applied; source debt after refresh=closed_by_independent_external_support; public canon unchanged
X073	X	top external-source acquisition rescue for seven current-path rows	top_external_source_rescue_applied	cut_and_replacement_review_still_required	_planning/canon_build/tables/canon_external_source_rescue_evidence_applied_x073.tsv;scripts/canon_apply_top_external_acquisition_rescue_x073.rb;_planning/canon_build/source_crosswalk_reports/x_batch_057_x073_top_external_acquisition_rescue.md	continue_external_source_acquisition_queue_and_selection_scope_policy_rows	19 accepted external evidence rows applied across 7 works; source debt closed=7; public canon unchanged
X074	X	exact-title external-source rescue for eight current-path rows	exact_title_external_source_rescue_applied	cut_and_replacement_review_still_required	_planning/canon_build/tables/canon_external_source_rescue_evidence_applied_x074.tsv;scripts/canon_apply_exact_title_external_rescue_x074.rb;_planning/canon_build/source_crosswalk_reports/x_batch_058_x074_exact_title_external_rescue.md	continue_external_source_acquisition_queue_and_selection_scope_policy_rows	20 accepted external evidence rows applied across 8 works; source debt closed=8; public canon unchanged
X075	X	exact-title external-source rescue for twelve current-path rows	exact_title_external_source_rescue_applied	cut_and_replacement_review_still_required	_planning/canon_build/tables/canon_external_source_rescue_evidence_applied_x075.tsv;scripts/canon_apply_exact_title_external_rescue_x075.rb;_planning/canon_build/source_crosswalk_reports/x_batch_059_x075_exact_title_external_rescue.md	continue_external_source_acquisition_queue_and_selection_scope_policy_rows	28 accepted external evidence rows applied across 12 works; source debt closed=12; public canon unchanged
X076	X	exact-title external-source rescue for eight current-path rows	exact_title_external_source_rescue_applied	cut_and_replacement_review_still_required	_planning/canon_build/tables/canon_external_source_rescue_evidence_applied_x076.tsv;scripts/canon_apply_exact_title_external_rescue_x076.rb;_planning/canon_build/source_crosswalk_reports/x_batch_060_x076_exact_title_external_rescue.md	continue_external_source_acquisition_queue_and_selection_scope_policy_rows	22 accepted external evidence rows applied across 8 works; source debt closed=8; public canon unchanged
X077	X	exact-title external-source rescue for eight current-path rows	exact_title_external_source_rescue_applied	cut_and_replacement_review_still_required	_planning/canon_build/tables/canon_external_source_rescue_evidence_applied_x077.tsv;scripts/canon_apply_exact_title_external_rescue_x077.rb;_planning/canon_build/source_crosswalk_reports/x_batch_061_x077_exact_title_external_rescue.md	continue_external_source_acquisition_queue_and_selection_scope_policy_rows	20 accepted external evidence rows applied across 8 works; source debt closed=8; public canon unchanged
X078	X	exact-title external-source rescue for eight current-path rows	exact_title_external_source_rescue_applied	cut_and_replacement_review_still_required	_planning/canon_build/tables/canon_external_source_rescue_evidence_applied_x078.tsv;scripts/canon_apply_exact_title_external_rescue_x078.rb;_planning/canon_build/source_crosswalk_reports/x_batch_062_x078_exact_title_external_rescue.md	continue_external_source_acquisition_queue_and_selection_scope_policy_rows	16 accepted external evidence rows applied across 8 works; source debt closed=8; public canon unchanged
X079	X	exact-title external-source rescue for current-path rows	exact_title_external_source_rescue_applied	cut_and_replacement_review_still_required	_planning/canon_build/tables/canon_external_source_rescue_evidence_applied_x079.tsv;scripts/canon_apply_exact_title_external_rescue_x079.rb;_planning/canon_build/source_crosswalk_reports/x_batch_063_x079_exact_title_external_rescue.md	continue_external_source_acquisition_queue_and_selection_scope_policy_rows	20 accepted external evidence rows applied across 10 works; source debt closed=10; public canon unchanged
X080	X	exact-title external-source rescue for current-path rows	exact_title_external_source_rescue_applied	cut_and_replacement_review_still_required	_planning/canon_build/tables/canon_external_source_rescue_evidence_applied_x080.tsv;scripts/canon_apply_exact_title_external_rescue_x080.rb;_planning/canon_build/source_crosswalk_reports/x_batch_064_x080_exact_title_external_rescue.md	continue_external_source_acquisition_queue_and_selection_scope_policy_rows	20 accepted external evidence rows applied across 10 works; source debt closed=10; public canon unchanged
X081	X	exact-title external-source rescue for current-path rows	exact_title_external_source_rescue_applied	cut_and_replacement_review_still_required	_planning/canon_build/tables/canon_external_source_rescue_evidence_applied_x081.tsv;scripts/canon_apply_exact_title_external_rescue_x081.rb;_planning/canon_build/source_crosswalk_reports/x_batch_065_x081_exact_title_external_rescue.md	continue_external_source_acquisition_queue_and_selection_scope_policy_rows	14 accepted external evidence rows applied across 7 works; source debt closed=7; public canon unchanged
